streets,zipcodes
beach street,10304
little clove road,10301
narrows road south,10305
ocean terrace,10301
bay st,10304
clove rd,10301
hylan blvd,10305
manor rd,10314
targee st,10304
todt hill rd,10301
van duzer street,10304
victory boulevard,10301
morgan ave,11211
park avenue,10016
8 ave,10026
kingsland avenue,11222
lewis ave,11221
humboldt street,11211
kent avenue,11249
ralph ave,11234
rockaway ave,11233
stuyvesant avenue,11221
throop avenue,10469
union avenue,11211
malcolm x blvd,11221
graham avenue,11222
greene avenue,11238
greenpoint avenue,11101
kingston ave,11213
3 ave,11420
4 ave,11435
5 ave,11364
6 ave,11215
7 ave,11377
new york ave,11210
quincy st,11238
smith st,11231
tompkins ave,11206
union st,11213
van brunt st,11231
vanderbilt ave,11238
washington ave,10040
putnam ave,11221
castleton avenue,10310
marcus garvey blvd,11206
franklin av,10456
franklin ave,10456
fulton avenue,10456
marcy avenue,11206
post avenue,10034
travis avenue,10314
woolley avenue,10314
brielle avenue,10314
bradley avenue,10314
delafield ave,10310
forest ave,11385
richmond avenue,10314
richmond ter,10301
remsen avenue,11212
liberty avenue,11419
stanley avenue,11207
veterans avenue,10314
bay ridge avenue,11219
new lots avenue,11207
schenck avenue,11207
sutter avenue,11417
fulton street,11233
richmond road,10306
richmond rd,10306
arthur kill road,10308
bloomingdale road,10309
225 street,10466
drumgoole road east,10309
foster road,10309
huguenot avenue,10312
drumgoole road west,10312
woodrow road,10312
amboy road,10308
amboy rd,10312
snyder ave,11203
annadale road,10312
arden avenue,10312
4th ave,11209
new utrecht avenue,11214
oriental boulevard,11235
shore blvd,11693
shore pkwy north,11214
shore pkwy south,11224
shore rd,11209
shore pkwy,11214
stillwell ave,11223
mc donald avenue,11218
ave h,11230
3 avenue,11420
4 avenue,11435
5 avenue,11364
6 avenue,11215
7 avenue,11377
new york avenue,11210
remsen ave,11212
clarkson ave,11203
winthrop st,11203
31 street,11420
39 avenue,11368
48 street,10031
crescent street,11105
broadway,10001
21 street,11415
vernon boulevard,11102
parsons boulevard,11366
jackson avenue,10456
hillside avenue,11435
northern boulevard,11354
roosevelt avenue,11372
58 street,11004
steinway street,11103
11 street,11101
164 street,11432
73 avenue,11364
fresh meadow lane,11365
hollis avenue,11412
bruckner boulevard,10454
so conduit ave,11207
castle hill avenue,10462
east tremont avenue,10460
westchester avenue,10459
east 174 street,10472
188 street,11423
fteley avenue,10472
calhoun avenue,10465
pennyfield avenue,10465
randall avenue,10473
rosedale avenue,10473
zerega avenue,10462
harrod avenue,10472
farmers boulevard,11412
francis lewis boulevard,11427
jamaica avenue,11435
linden boulevard,11226
main street,11201
merrick boulevard,11434
woodside ave,11377
58 avenue,11355
springfield boulevard,11429
union turnpike,11426
utopia parkway,11365
murdock ave nue,10466
murdock avenue,11412
115 avenue,11420
120 avenue,11436
forest avenue,11385
empire avenue,11691
seagirt blvd,11691
east fordham road,10458
east kingsbridge road,10468
pitman avenue,10466
southern boulevard,10459
dr m l king jr boulevard,10453
west fordham road,10468
laconia avenue,10466
webster avenue,10456
east 167 street,10456
east 170 street,10452
east 188 street,10458
jerome avenue,10468
ogden avenue,10452
valentine avenue,10458
washington avenue,10040
150 street,10039
arthur avenue,10458
east 165 street,10452
east 169 street,10456
east 181 street,10453
macombs road,10452
cross bay boulevard,11417
cedar avenue,10468
metropolitan avenue,10462
myrtle avenue,11385
guy r brewer boulevard,11434
rockaway boulevard,11420
sutphin boulevard,11435
101 avenue,11416
111 avenue,11420
brinkerhoff avenue,11435
31 avenue,11106
32 avenue,11369
34 avenue,11372
69 street,10452
63 drive,11374
65 place,11385
80 street,11209
bell boulevard,11361
caldwell avenue,11379
commonwealth boulevard,11426
cooper avenue,11385
east 134 street,10454
corona avenue,11368
douglaston parkway,11363
elmhurst avenue,11373
flushing avenue,11205
pelham parkway,10461
bronx park east,10467
atlantic avenue,11213
eastchester road,10461
laurel hill boulevard,11378
williamsbridge road,10461
allerton avenue,10469
braddock avenue,11426
108 street,11368
stillwell avenue,11223
astor avenue,10467
esplanade,10461
neill avenue,10462
pelham parkway north,10467
pelham parkway south,10461
white plains road,10462
cypress avenue,11385
eliot avenue,11379
fresh pond road,11378
grand avenue,10468
junction boulevard,11368
lefferts boulevard,11418
little neck parkway,11362
maurice avenue,11378
queens boulevard,11377
woodhaven boulevard,11374
cross island pkwy sr south,11359
59 avenue,11223
23 avenue,11369
45 avenue,11101
van cortlandt avenue east,10468
47 avenue,11377
booth memorial avenue,11355
35 avenue,11361
82 street,10453
mosholu parkway,10467
bartow avenue,10475
baychester avenue,10475
astoria boulevard,11103
114 street,10026
conner street,10466
east 138 street,10454
east 149 street,10451
east 163 street,10451
east gun hill road,10467
melrose avenue,10451
prospect avenue,10459
west 239 street,10463
riverdale avenue,10463
ave u,11229
bainbridge avenue,10467
bedford park boulevard,10458
brook avenue,10454
courtlandt avenue,10451
east 222 street,10469
east 241 street,10470
garrison avenue,10474
johnson avenue,10463
nereid avenue,10470
river avenue,10472
st anns avenue,10454
van cortlandt park east,10470
college point boulevard,11354
bronx boulevard,10466
bronxwood avenue,10469
burke avenue,10467
concourse village west,10451
east 144 street,10454
east 161 street,10451
east mosholu parkway south,10458
gerard avenue,10451
st mary's street,10454
tinton avenue,10455
edson avenue,10466
51 avenue,11368
126 street,10027
seaview avenue,11236
hylan boulevard,10305
willowbrook road,10314
huguenot ave,10312
richmond hill road,10314
morley avenue,10312
little clove rd,10301
86th st,11209
86 street,10028
cropsey ave,11214
bath ave,11214
benson ave,11214
kings hwy,11223
bay ridge pkwy,11209
8 avenue,11355
65 street,11204
13 avenue,11219
14 avenue,11230
60 street,10032
18 avenue,11357
ave p,11234
bay pkwy,11214
51 street,11234
50 street,10039
39 street,10470
37 street,11203
ft hamilton parkway,11219
columbia street,11231
clinton street,11231
hicks street,10469
3 street,11234
court street,11231
trinity pl,10006
liberty street,10006
church street,10007
chambers street,10007
madison street,10002
catherine street,10038
market street,10002
surf ave,11224
neptune ave,11224
coney island ave,11223
ave z,11235
coney island avenue,11223
avenue j,11230
ave n,11230
ave m,11210
ocean ave,11235
bedford ave,11211
nostrand ave,11225
32nd ave,11369
caton ave,11226
ditmas avenue,11218
cortelyou road,11218
church ave,11218
ocean avenue,11235
flatbush ave,11234
farragut road,11203
rogers ave,11225
flatbush avenue,11234
56th rd,11368
linden blvd,11212
ashland place,11217
prospect park west,11215
classon ave,11205
brooklyn ave,11225
lafayette ave,10473
myrtle ave,11385
montrose ave,11206
metropolitan ave,10462
meserole street,11206
west broadway,10012
hudson street,10014
cortlandt alley,10013
canal street,10013
avenue of the americas,10018
grand street,11249
broome street,10013
spring street,10012
avenue of americas,10105
e 4th st,10003
bowery,10012
chrystie street,10002
east 14 street,10003
2 avenue,11369
1 avenue,11416
lexington avenue,10035
pitt street,10002
avenue b,10009
11 avenue,11420
10 avenue,10019
9 avenue,11368
west 29 street,10001
madison avenue,10029
west 30 street,10001
west 34 street,10001
columbus avenue,10025
west 39 street,10018
central park west,10023
amsterdam avenue,10032
avenue c,10009
commercial st,11222
ash st,11222
driggs ave,11222
greenpoint ave,11101
york avenue,11210
west end avenue,10023
amsterdam ave,10032
1 ave,11416
2 ave,11369
manhattan avenue,10026
west 135 street,10030
avenue n,11230
avenue m,11230
avenue u,11223
avenue d,10009
clarendon road,11226
albany avenue,11213
albany ave,11213
glenwood road,11236
flatlands avenue,11236
mac dougal street,10012
howard avenue,11233
hegeman avenue,11207
vermont place,11385
73 place,11379
pitkin ave,11208
liberty ave,11419
jamaica ave,11435
south conduit ave,11430
111 ave,11420
brinkerhoff ave,11435
kew gardens road,11415
van wyck expressway,11435
archer ave,11435
lakewood ave,11435
waltham street,11435
101 ave,11416
150th st,11434
central ave,11221
cross island pkwy sr,11359
cross island parkway,11426
hungry harbor rd,11520
maurice ave,11378
39th st,11101
48th st,11103
east 135 street,10454
morris avenue,10453
audubon ave,10033
undercliff avenue,10453
sheridan avenue,10456
sheridana avenue,11435
wadsworth avenue,10040
dyckman street,10034
henry hudson pkwy,10034
longwood avenue,10459
crotona avenue,10457
park ave,10016
paulding avenue,10462
hutchinson river pkwy,10473
boston road,10460
maryland rd,10305
jewel ave,11367
union street,11213
sanford ave,11358
roosevelt ave,11372
east 177 street,10453
lafayette avenue,10473
underhill ave,11238
homelawn street,10465
hollis court blvd,11423
35 ave,11361
56 ave,11378
26 ave,11204
marathon pkwy,11362
fingerboard road,10304
west 155 st,10032
manhattan west 155 st,10032
flushing ave,11205
glen street,10314
grand ave,10468
nostrand avenue,11225
louis nine  boulevard,11375
columbus ave,10025
west gun hill road,10467
colonial road,11220
115 road,11434
vernon blvd,11101
springfield blvd,11413
francis lewis blvd,11358
atlantic ave,11213
woodhaven blvd,11421
34th ave,11354
gowanus expressway,11231
braddock ave,11426
seagrit blvd,11691
11th st,11215
rockaway blvd,11434
merrick blvd,11434
oriental blvd,11235
flatlands ave,11236
edward l grant highway,10452
park avenue south,10016
130 pl,11420
manhattan  broadway,10027
east houston street,10002
lenox ave,10037
allen street,10002
east 18 street,10003
norfolk street,10002
meeker ave,11222
kings highway,11234
kings highway service,11229
rockaway avenue,11233
east 204 street,10467
grand concourse_main,10453
grand concourse_serv,10453
cross bronx expressway,10465
e 174 st,10472
cross bx expwy ser rd,10467
e 176 st,10460
fairmont pl,10460
throgs neck expressway,10465
throgs neck expwy ser rd,10465
e 177 st,10453
bronx river parkway,10461
courtladt avenue,10451
east 233 street,10466
east mosholu parkway,10458
exterior street,10463
grand concourse,10451
harlem river driveway,10032
henry hudson parkway,10463
hutchinson river parkway,10461
moshoulu parkway,10468
provost avenue,10466
sedgwick avenue,10453
bqe,11103
st. anns avenue,10454
university heights bridge approach,10453
110 avenue,11435
31 st,11420
richmond terrace,10301
79 street transverse,10024
86 street transverse,10024
97 street transverse,10025
st. nicholas avenue,10032
bronx river avenue,10472
donnellon square,10461
dr. m l king jr. boulevard,10452
morningside drive,10025
mt morris park west,10027
riverside drive,10031
shore road,11209
washington bridge,10033
West 167 Street,10452
West 178 Street,10033
West 179 Street,10033
West 180 Street,10033
West 181 Street,10033
West 116 Street,10027
West 145 Street,10031
west farms road,10460
21 st,11415
94 avenue,11435
Bates Road,10306
212 street,11427
bay ridge parkway,11204
clearview expressway,11364
clearview expressway sr,11361
Dr. M L King Jr. Expressway,10474
Cross Island Parkway,11359
cropsey avenue,11214
Ft. Hamilton Parkway,11219
grand central parkway,11435
Horace Harding Expressway,11364
louis nine boulevard,10459
midland parkway,11432
Milford Drive,11207
North Boundary Road,10306
north conduit avenue,11434
134 street,11419
rockland avenue,10314
south avenue,10303
south conduit avenue,11430
St. Marys Street,10454
Tinton Street,10456
todt hill road,10314
Van Wyck Boulevard East,11418
Van Wyck Boulevard West,11419
West Shore Expressway,10304
winchester boulevard,11428
1st Avenue,10003
12 avenue,10027
65 Street Transverse,10065
centre street,10013
chatham square,10038
cherry street,10002
columbus circle,10019
fdr drive,10075
FDR Drive,10075
forsyth street,10002
joe dimaggio highway,10282
lafayette street,10013
Honeywell Street,11234
Lafayette Street,10012
park row,10007
St. James Place,11238
varick street,10014
West 56 Street,10019
walker street,11239
Wanamaker Place,10003
west street,11223
woodside avenue,11377
terrace drive,10000
103 street,11417
Atlantic Avenue,11217
Belt Parkway,11214
borinquen place,11211
driggs avenue,11222
cypress hills street,11385
dekalb avenue,10467
eastern parkway,11216
empire boulevard,11213
euclid avenue,11208
gates avenue,11216
Jackie Robinson Parkway,11432
lewis avenue,11221
meeker avenue,11222
Pulaski Bridge,11101
Queens Boulevard,11373
ralph avenue,11234
rockaway parkway,11236
rodney street,11211
stewart avenue,11237
utica avenue,11203
yellowstone boulevard,11375
dupont street,11222
parkside avenue,11226
Prospect Expressway,11232
ocean parkway,11235
shore parkway,11214
emmons avenue,11235
east drive,10000
dyre avenue,10466
Goethals Bridge Approach,10301
kissena boulevard,11355
lydig avenue,10462
malcolm x boulevard,11221
putnam avenue,11221
sanford avenue,11358
tompkins avenue,11206
center drive,11357
marcus garvey boulevard,11221
9 street,11374
avenue l,11236
East 36 Street,11203
holland tunnel,10013
bruckner expressway,10459
ed koch queensboro bridge,10017
Major Deegan Expressway,10451
169 street,10452
avenue h,11230
avenue z,11235
Long Island Expressway,11101
mcdonald avenue,11218
snyder avenue,11203
smith street,11231
Van Wyck Expressway,11354
23rd Avenue,11369
Dutch Kills Street,11101
clarkson avenue,11203
franklin avenue,10456
vanderbilt avenue,11238
quincy street,11238
winthrop street,11203
kingston avenue,11213
bedford avenue,11211
ft washington avenue,10033
st nicholas avenue,10026
st nicholas place,10032
delafield avenue,10310
Martling Avenue,10301
Jerome Avenue,10468
bay court,11235
shore boulevard,11235
lenox road,11226
morgan avenue,11211
clay street,11222
whitney avenue,11373
88 street,11423
57 street,10019
south street,10038
225 st,10466
East 156 Street,10455
East 133 Street,10454
Manhattan Bridge (Lower Level),10002
Manhattan Bridge (Upper Level),10002
FDR Drive Viaduct,10022
nassau expressway,11430
manor avenue,10472
manor road,10314
targee street,10304
bay street,10304
clove road,10304
Renwick Avenue,10451
Narrows Road North,10304
beach channel drive,11692
Park Avenue Viaduct,10022
147 avenue,11413
Cedar Lawn Avenue,10312
Korean War Vets Parkway,10314
Korean War Vets Parkway,10314
Everton Avenue,10312
barlow avenue,10308
32 ave,11369
east burnside avenue,10457
henry hudson parkway e,10463
Grand Concourse Service Road,10451
200 street,11423
hewlett street,11362
73 street,10460
bath avenue,11214
brooklyn queens expressway,11377
Brooklyn Queens Expressway,11101
hunts point avenue,10474
harlem river drive,10034
Ed Koch Queensboro Bridge (Lower Level) Inner Roadway,11109
Ed Koch Queensboro Bridge (Lower Level),11109
Ed Koch Queensboro Bridge (Upper Level),11109
Ed Koch Queensboro Bridge (Lower Level) Outer Roadway,11109
73 Place Slip Lane,11379
eckford avenue,11417
surf avenue,11224
49 street,10451
fort hamilton parkway,11219
East 119 Street,10035
audubon avenue,10033
2nd Avenue (Main Road),10022
2nd Avenue Service Road,10022
benson avenue,11214
avenue p,11204
bay parkway,11214
141 street,10030
archer avenue,11435
lakewood avenue,11435
Staten Island Expressway,10301
Grand Central Parkway (NB Left Roadway),11369
Grand Central Parkway (Right Roadway),11369
26 avenue,11204
5th Avenue,10016
3rd Avenue,10017
Columbus Circle (EB),10019
Columbus Circle (NB),10023
St. Marys Street,10454
caton avenue,11226
Pelham Bridge,10461
pennsylvania avenue,11207
church avenue,11218
37 avenue,11372
state street,11201
greenwich street,10013
West 55 Street,10019
West 57 Street,10019
commercial street,11222
JJ Byrne Memorial Bridge,11215
West 53 Street,10019
central park south,10019
st james place,11238
west 48 street,10036
West 49 Street,10019
frederick douglass boulevard,10026
West 125 Street,10027
central park north,10026
Adam C Powell Boulevard,10026
marathon parkway,11362
neptune avenue,11224
Stillwell Avenue,11223
seagirt boulevard,11691
marmion avenue,10460
belmont avenue,10458
fountain avenue,11208
East 23 Street,10010
Ocean Parkway (Main Road),11218
Ocean Parkway (Service Road),11218
East 4 Street,10003
East Burnside Avenue (Main Road),10453
East Burnside Avenue (Service Road),10453
Sheridan Expressway,10454
bushwick avenue,11207
hollis court boulevard,11428
underhill avenue,11238
Brooklyn Queens Expressway (Main Road),11211
Brooklyn Queens Expressway (Service Road),11211
rogers avenue,11225
classon avenue,11205
brooklyn avenue,11225
Exterior Street/135 Street,10454
Woodhaven Boulevard (Main Road),11421
Woodhaven Boulevard (Service Road),11421
Bedford Park Boulevard (Main Road),10458
Bedford Park Boulevard (Service Road),10458
167 street,10032
West 42 Street,10036
204 street,10467
East 170 Street (Main Road),10456
East 170 Street (Service Road),10456
West 155 Street,10032
webster ave,10456
Poly Place,11209
Grand Concourse (Main Road),10451
montrose avenue,11206
central avenue,11221
56 road,11378
jewel avenue,11367
East 170 Street (Service Road),10456
11th Street,11102
2nd Avenue Service Road,10010
34th Avenue,11106
48th Street,11104
Bainbridge Avenue,10458
59 ave,11223
69 st,10452
College Point Boulevard,11356
beach st,10304
booth memorial ave.,11355
murdock ave,11412
Douglaston Parkway,11362
cooper ave,11385
corona ave,11368
cypress ave,11385
Hylan Boulevard South,10306
elmhurst ave,11373
green avenue,10472
hamilton avenue,10301
hillside ave,11435
Hylan Boulevard,10306
steuben st,10304
Junction Boulevard,11368
Northern Boulevard,11354
Ocean Avenue,11229
Sunrise Highway,11572
richmond ave,10314
126th Street,10027
Woolley Avenue,10314
st nicholas ave,10026
steinway st,11103
van duzer st,10304
10th Avenue,10019
103rd Street,11368
108th Street,11368
11th Avenue,10019
13th Avenue,11228
14th Avenue,11228
164th Street,11358
188th Street,11412
2nd Avenue,10003
31st Avenue,11106
31st Street,11106
34th Street,10001
35th Avenue,11106
39th Avenue,11101
47th Avenue,11101
48th Street,11101
51st Avenue,11101
58th Street,11378
60th Street,10022
63rd Drive,11374
65th Street,11374
7th Avenue,10019
8th Avenue,10019
82nd Street,11372
9th Avenue,10019
94th Avenue,11416
6th Avenue,10011
Colonial Road,11209
adam c powell boulevard,10027
arden ave,10312
East 135th Street,10454
barlow ave,10308
cedar ave,10468
East 138th Street,10454
East 144th Street,10454
East 149th Street,10451
East 161st Street,10451
East 163rd Street,10451
East 169th Street,10452
East 170th Street,10452
East 174th Street,10472
East 177th Street,10453
East 18th Street,11230
East 204th Street,10467
East 23rd Street,10010
East 233rd Street,10466
East 241st Street,10470
Honeywell Street,11234
Pelham Bridge Road,10464
fort washington avenue,10040
greenwich st,10013
Queens Boulevard,11375
main st,11201
Southern Boulevard,10459
St. Anns Avenue,10455
richmond,10314
rosedale ave,10473
West 125th Street,10027
West 135th Street,10030
West 145th Street,10031
West 155th Street,10032
West 167th Street,10452
West 30th Street,10001
West 34th Street,10001
West 39th Street,10018
West 48th Street,10036
West 53rd Street,10019
West 55th Street,10019
West 56th Street,10019
West 57th Street,10019
West 49th Street,10019